date,slow_count,fast_count,avg(avg(sog)),fast,fast_vol,slow,slow_vol
2015-02-24,146,461,7.134439553050652,479.62490840148087,40.90397140808013,160.2775801685942,16.114940157677072
2015-02-25,128,473,7.3810483268381715,480.60877033268565,40.906758665242,149.74675948568702,15.852144658984491
2015-02-26,140,470,7.639538570223429,496.5193359513821,40.87178296612373,157.1540772732182,16.099786986689
2015-02-27,117,510,7.746056896553137,484.204835913294,41.23007857661202,139.29481334005408,16.043882814573394
2015-02-28,135,481,7.528323928926194,,,,
2015-03-01,142,453,7.238004232147558,,,,
2015-03-02,139,469,7.192416661814875,469.56440570271167,41.104975248216014,154.13864017981285,16.548292276921362
2015-03-03,133,488,7.361409196219131,491.097976280412,41.15633001572583,154.0443462417601,16.265379863524732
2015-03-04,122,485,7.483641049112459,488.6105792996808,41.239562643873406,147.34746423108749,16.368769305071474
2015-03-05,124,482,7.619610377789272,497.0484543452732,41.29471722332908,148.5864059658193,16.665794892261587
2015-03-06,129,504,7.766323035897898,509.33275944860253,41.5616006172252,149.58782132362563,16.850042755943058
2015-03-07,143,530,7.490382508599643,,,,
2015-03-08,230,185,5.232505310939562,,,,
2015-04-02,196,360,6.638530005778984,344.48106347867963,42.214751381679925,155.50608054897106,16.829802598909893
2015-04-03,143,525,7.5850054483124865,505.66978662420416,42.66754127803028,152.02987021219218,17.680115834608145
2015-04-04,143,517,7.714648533278633,,,,
2015-04-05,164,467,7.3005887694663665,,,,
2015-04-06,157,466,7.306728854010345,472.84250875487487,42.817478634426585,151.9764628983849,17.652389170480497
2015-04-07,153,476,7.312763226647588,492.6407042823637,42.60531186197953,161.77300133565788,17.529387868360452
2015-04-08,137,504,7.24852387597062,435.0567364398873,42.72832200775417,150.0957131922737,17.496032459146914
2015-04-09,210,382,6.51510219464434,461.8353944812934,43.558966682555635,205.95949968856814,17.6227379400323
2015-04-10,173,443,7.222535775989273,512.0678040149212,43.4230883752773,176.13002067484317,18.76824028976216
2015-04-11,144,532,7.589725370238857,,,,
2015-04-12,163,507,7.384078101493663,,,,
2015-04-13,178,531,7.618380539721206,494.4522033223624,44.101492208337774,150.2867365675425,18.794890766035266
2015-04-14,162,529,7.431287232945106,500.53362247486274,44.512541972298635,161.80978105312803,18.985438864306886
2015-04-15,162,518,7.665996964272663,491.33587470855,44.88822209766304,162.90581549481595,18.957826400649072
2015-04-16,177,503,7.410037097844657,500.3325870332554,44.95602577295337,172.67498378689913,18.95896981448372
2015-04-17,147,525,7.590360607038767,519.2776352702725,45.43246629317574,152.1651516847524,19.192062586787628
2015-04-18,149,560,7.7922109414045115,,,,
2015-04-19,190,509,7.365601982021666,,,,
2015-04-20,192,514,7.10846292625783,490.35136642071006,43.14228899685402,150.27584099979828,19.12642797372908
2015-04-21,168,519,7.126739096412157,498.7164014291593,38.57706463301741,165.29977653903563,19.186826490050322
2015-04-22,173,514,7.2999546429461315,437.5742237943372,38.792380383210094,168.32716437685238,18.68896698717035
2015-04-23,233,395,6.614807655632893,440.3019053089083,39.82270514914364,215.35550529175,18.763283984101925
2015-04-24,205,401,6.685420337811201,508.1310677692803,40.34478266803535,198.21966394847718,20.623474188085122
2015-04-25,174,522,7.1729400245873265,,,,
2015-04-26,182,515,7.314622996235688,,,,
2015-04-27,185,497,6.9619335454109645,501.95749623109367,36.84917134862872,169.2778321555816,21.188291459561512
2015-04-28,270,254,5.3858455122902456,352.2923541819107,43.9225381350042,252.55771161966896,20.66350137179269
2015-05-13,250,205,5.502033722843481,441.2891442869881,52.212570104696894,242.87762638056344,24.15016120296081
2015-06-17,214,371,6.860600215768652,516.4430661316015,52.954858860084585,208.6210346419704,25.956825593099193
2015-06-18,156,526,7.928870502704238,517.575149112743,53.44707624616733,159.08707053208417,26.53934675031744
2015-06-19,158,540,7.6601629422079665,505.2682285228432,53.82295141871578,159.08579111985011,26.599788875665244
2015-06-20,163,532,7.534611236011321,,,,
2015-06-21,188,501,7.324693031089032,,,,
2015-06-22,178,529,7.516477016664614,493.7104508276134,54.25160065104817,164.549193298602,26.481057942739
2015-06-23,164,527,7.505982367678162,525.3783415058081,54.60814850134074,166.7667858812007,26.517552477797913
2015-06-24,157,557,7.907906290908012,531.7931379879926,55.47424154699917,161.38885857712634,26.457856499027894
2015-06-25,153,569,7.894771839630556,525.8841865896845,56.46357707297868,157.2616233873798,26.445618661535395
2015-06-26,156,561,8.106386072124907,526.7757915741626,57.26612019569885,158.4822694251594,26.289633218587728
2015-06-27,151,569,7.883074441443933,,,,
2015-06-28,171,550,7.884807081879535,,,,
2015-06-29,156,574,8.023329228439875,518.268613572828,58.16121622288487,154.75511568695268,26.1951645433818
2015-06-30,165,577,8.290286652348605,537.4474928277958,59.22711036336622,162.84218346867706,26.147070433454648
2015-07-01,172,590,7.854806004865479,522.0529411380469,60.51959314638479,166.35716240224374,26.114526207899367
2015-07-02,182,554,7.341171497180912,523.3899568859921,61.0127782523527,175.57033748437343,26.069196798867804
2015-07-03,170,555,7.509679159678376,516.7628416516387,61.60147021140295,168.03412615562038,26.137261690821468
2015-07-04,179,538,7.545056863663618,,,,
2015-07-05,245,408,6.619402177425977,,,,
2015-09-04,166,425,7.502618738556317,454.03876413549904,61.61833538036407,175.6696525282267,26.106775781434273
2015-09-05,160,501,7.68916932409175,,,,
2015-09-06,188,510,7.483072851923483,,,,
2015-09-07,183,533,7.464680869201535,512.1306323817146,61.5155578783808,172.6878148813704,25.895738209320378
2015-09-08,184,519,7.7317825492925545,513.7202417598759,61.521342839597814,185.8639689774337,25.990822598980145
2015-09-09,180,509,7.445109589485835,537.3297088187811,61.47496386132287,184.82190888328591,26.05516687180099
2015-09-10,183,556,7.610237587490783,542.939984549572,60.439981589128465,181.8552007960533,26.094777340993986
2015-09-11,168,572,7.8008449739458525,530.0995803538373,61.12349336229793,171.73827640740132,26.18526828612834
2015-09-12,196,542,7.294587111242358,,,,
2015-09-13,188,480,6.89232288542925,,,,
2015-09-14,183,496,6.960675719629441,498.1105362887852,61.18771653928458,191.5930703815233,26.15523711674044
2015-09-15,182,504,6.906573238340082,536.9464045181733,61.10082485185122,186.90000926486957,26.22467938896253
2015-09-16,168,554,7.597427703512182,519.3653566979567,61.43339816348505,172.95152377168168,26.2663162397924
2015-09-17,189,521,7.373249382280611,529.104204694824,61.43111101605013,189.0239638121609,26.18141925668999
2015-09-18,170,545,7.460987917308048,524.7825406494652,61.694339601487854,175.02790248831195,26.281280325491586
2015-09-19,187,530,7.039849364724999,,,,
2015-09-20,202,546,7.647616794197947,,,,
2015-09-21,177,523,7.456372672963872,530.6855957646292,61.80835914274794,187.47220692648673,26.28418072869597
2015-09-22,178,535,7.432791152262546,510.3814138599071,61.998045663209155,179.63165962341805,26.24603120278878
2015-09-23,175,508,7.246861767265513,500.3367381535313,62.02142575952285,178.89090473281175,26.119011965103933
2015-09-24,205,491,7.321980087845705,517.6756398049756,62.02073705195095,198.81737347981533,25.677987902857453
2015-09-25,173,529,7.402617671743907,521.9815505446813,62.143751289459715,175.35824448194958,26.064597364315098
2015-09-26,179,530,7.57612773372095,,,,
2015-09-27,209,449,6.884817053065008,,,,
2015-09-28,223,404,6.656600034002582,478.7639184835984,62.131649695983754,179.0387781116091,25.930384441389442
2015-09-29,183,477,6.907361994642588,512.0555107999097,62.20048776549897,186.76294819589137,26.66781938403563
2015-09-30,175,501,7.0131022925348905,514.6740905302289,62.139919328933075,180.98794051746464,26.58865163896241
2015-10-01,176,514,7.2069838033414495,528.5845198875859,62.05543211136618,180.9305510778957,26.466196716369343
2015-10-02,166,544,7.416830772488135,530.5787116666556,62.292307905850095,172.37993903401244,26.453237780353913
2015-10-03,176,547,7.35175105781345,,,,
2015-10-04,205,534,7.1130035909487175,,,,
2015-10-05,193,527,7.085206308920273,521.7290575051643,62.415239044704045,177.66742974478214,26.464931899601368
2015-10-06,182,508,7.069715904997412,520.0820790309066,62.42987498913875,185.64014033633327,26.607182245087515
2015-10-07,169,519,7.296541218094697,506.24806396862533,62.440656615057634,176.9705210325201,26.515730944952175
2015-10-08,175,492,7.565643060189751,519.8596803354494,62.24119774318445,183.1434477005228,26.064555926682097
2015-10-09,173,524,7.5847347872716915,509.4241767979775,62.118612844889356,179.24547627251863,25.92706726091801
2015-10-10,193,500,7.465470877384541,,,,
2015-10-11,186,504,7.554677992867039,,,,
2015-10-12,194,525,7.264094588698227,511.36165333405404,59.370298317750205,193.9264511297121,25.85763497288239
2015-10-13,184,500,7.257669653600272,523.6467460873756,59.24167333349939,188.15569570282887,25.598414720490645
2015-10-14,178,524,7.281190682255608,426.9788677857023,59.27662920298237,183.0135463285575,25.488771230605675
2015-10-15,254,322,6.0651760416411244,439.58265435554637,62.55895814205042,246.29375038708102,25.475603393872547
2015-11-16,222,355,6.4776459471113474,527.8591480918489,64.32613024601663,223.2805837886319,27.03179310584664
2015-11-17,159,518,7.318941306049385,515.0889388407817,64.20674272719658,172.82994003494653,27.36908408484298
2015-11-18,182,491,6.86123893507171,523.9701403162368,64.14424916051712,189.92816450123448,27.35793500998435
2015-11-19,171,527,7.286021267798915,538.4751266821131,63.977192030345996,180.6608711825051,27.266262268625663
2015-11-20,150,548,7.505627730095161,521.0525695697113,63.90269135577546,165.74492877285434,27.2486635325923
2015-11-21,167,515,7.254884403492419,,,,
2015-11-22,170,472,7.030346203071481,,,,
2015-11-23,159,528,7.443188205320498,498.11584235510185,63.854281787499154,179.49616304512298,27.38229052445757
2016-02-04,213,376,6.027385899693665,534.2589127280999,65.27812270491421,221.09909882412967,27.21224388716411
2016-02-05,162,541,6.9102044618943,533.486081250349,65.19339473678346,179.30858591117854,27.44845857891692
2016-02-06,181,508,6.687388803701059,,,,
2016-02-07,195,499,6.450866635418749,,,,
2016-02-08,191,489,6.331748432818003,523.499711301994,65.0109182182537,194.91679609316688,27.394702709479628
2016-02-09,169,506,6.63518129421591,536.0703752578894,64.92464898478491,186.412802702122,27.18411950013308
2016-02-10,165,521,6.458012324219753,528.0656056276218,64.84297679124721,183.6967799317849,26.767177889288586
2016-02-11,177,507,6.54992944538308,537.9433381523456,64.86422273660082,192.61233502818385,26.49985120798971
2016-02-12,189,528,6.508775692095138,531.5397845001723,64.84777508314968,197.4568376345552,25.690800262739877
2016-02-13,186,514,6.716887918139988,,,,
2016-02-14,199,498,6.362845859120942,,,,
2016-02-15,184,526,6.300397923452194,522.4208544594627,64.86397900704813,194.9557635990612,25.39218270963145
2016-02-16,189,528,6.5403819846765705,531.5372243391382,64.86174973262847,195.5269787563953,24.97871249587481
2016-02-17,188,519,6.607836821147929,515.2989549752295,64.85707387685319,195.79219129450752,24.25176202842957
2016-02-18,192,483,6.565906639843985,529.7023553687668,64.93402190037334,200.9520946584585,23.560810641167983
2016-02-19,171,515,7.005626090232982,532.4063960551679,64.82721643057424,185.53968561392682,22.94225108140276
2016-02-20,158,518,6.659722633940742,,,,
2016-02-21,176,497,6.5020281865109535,,,,
2016-02-22,186,507,6.55511414128989,517.299462725066,64.81298919364943,176.02972624987214,22.954381505688094
2016-02-23,197,532,6.5940574587998295,521.2593677196812,64.86505265411391,198.2287620836348,22.55651233349145
2016-02-24,195,504,6.440564344992106,530.8078137027406,64.82560150102138,199.28887307541316,22.48251934391772
2016-02-25,185,521,6.690435705914968,522.152180263881,64.81344767802432,190.9247146835493,22.330158241002394
2016-02-26,201,506,6.567183238859602,521.5438282049987,63.43828578443928,203.18374542738545,21.841642843140168
2016-02-27,206,504,6.2503110091939975,,,,
2016-02-28,212,497,6.164252192831073,,,,
2016-02-29,210,524,6.603628513258134,519.6642260504046,63.057734820823406,205.97977971388008,21.7106925407267
2016-03-01,188,538,6.572814728988342,541.5340939184038,63.08009994232856,192.71353182267825,21.900476636485152
2016-03-02,181,537,6.55079341514704,536.5893091474518,63.107474516748525,188.79776051477936,21.930671610641824
2016-03-03,176,532,6.9442525138415485,536.503376112174,63.15753384232747,185.5568443319956,21.80128964783879
2016-03-04,165,536,6.841329417926817,528.5762650690203,63.23022876219618,177.79967920260708,21.69841050985527
2016-03-05,172,523,6.970369433754122,,,,
2016-03-06,185,492,6.870705968233839,,,,
2016-03-07,184,497,6.678385140462934,512.2287933301603,63.23257686524361,183.28641292503133,21.798205120228907
2016-03-08,178,548,7.176278902579943,531.9147175101511,63.13848987532775,184.479077349382,21.416964236389955
2016-03-09,189,529,6.616472690871676,529.3979169928872,63.159217667882174,192.55611350504608,21.412553438611702
2016-03-10,187,527,6.584434522456608,537.6329920265129,63.186277511593744,192.54382141817746,21.334407545421897
2016-03-11,204,537,6.7145003751937065,516.9168976532176,62.0393640258313,202.58968541360454,21.321375275050546
2016-03-12,213,493,6.707605826075518,,,,
2016-03-14,263,381,5.6764134280780105,465.9563704185703,60.97666922518822,211.95140036281785,20.762170102310105
2016-03-15,215,544,6.6098813780313215,539.3754632010156,61.032658289146596,208.83861323412532,22.48486646619291
2016-03-16,211,517,6.267416964921657,537.4996807145366,54.1853383929784,209.64258759173802,22.641649128829776
2016-03-17,205,524,6.522914783591614,535.4891858935358,42.27741167437765,205.30972000328998,20.779353181161216
2016-03-18,205,521,6.733355483325515,536.050906400947,39.09686265985809,205.56605554656238,19.6421160961412
2016-03-19,214,524,6.934349109879534,,,,
2016-03-20,210,512,6.5263747226906625,,,,
2016-03-21,219,512,6.266824366874117,530.6902519481836,39.085957984195424,211.1179484180986,19.487455869857442
2016-03-22,212,513,6.672834763269397,544.5737373393429,39.060511221271426,211.04401172869996,19.68923406744923
2016-03-23,194,536,6.564614962405066,541.8387624894233,39.03384306847251,197.9806920669631,19.69453993643792
2016-03-24,201,532,6.621556487260076,535.7193460331962,39.05604346026347,201.4992835459563,19.7502224274107
2016-03-25,200,529,6.575396246705582,543.6169606676928,38.86260646123228,201.52038141098944,19.67111826250489
2016-03-26,191,542,6.622810396089776,,,,
2016-03-27,199,498,6.276579771042532,,,,
2016-03-28,198,506,6.081441306936296,518.565217261979,38.561222322727644,192.58406979201462,19.49738552040763
2016-03-29,225,432,5.963549704074932,482.9740662915835,39.60376373083141,222.6032722050196,19.24870025234516
2016-03-31,226,426,6.001290247698956,546.832868355214,40.328576803646925,222.83905013482263,19.454280858870735
2016-04-01,187,555,6.7243968153384746,540.7768103724592,40.015723899684026,187.54073818883026,19.597729026031832
2016-04-02,217,542,6.55668030196088,,,,
2016-04-03,208,558,6.683462224862938,,,,
2016-04-04,223,543,6.505876358561737,544.6299840292669,39.154275121596655,208.38701680496024,19.481425493565855
2016-04-05,214,566,6.699816038136487,558.5561998984671,39.361776987975134,204.26910086277283,19.78744744694314
2016-04-06,207,577,6.776640813088133,542.8542414509911,39.70150070541979,198.11011527420794,19.87057763774197
2016-04-07,220,550,6.3905728524913945,534.1311182700888,39.76217936362305,208.4653778728399,19.844755041019088
2016-04-08,209,534,6.67547446978574,527.4762714195452,39.78938177773535,202.74188226062088,19.99613060238215
2016-04-09,197,517,6.6561106722864025,,,,
2016-04-10,211,526,6.576816070316856,,,,
2016-04-11,205,525,6.500732096505399,529.6361503993129,39.80188073937302,196.41891829614812,20.032417281529973
2016-04-12,209,547,6.8101202459758845,538.2664226684271,39.94575512683601,201.94961530380687,20.084444588842867
2016-04-13,205,543,6.701197142247612,545.4100124441152,39.78324938271654,199.1957485095005,20.165583150191978
2016-04-14,200,559,6.546735315060007,551.2552338804543,39.62734591222053,194.57268639099,20.186500678095268
2016-04-15,214,573,6.7168889492063375,552.2955729188302,40.024952455276,201.1977673920586,20.0465022215157
2016-04-16,198,580,6.8480933004388245,,,,
2016-04-17,226,519,6.467612128483411,,,,
2016-04-18,211,548,6.4706530172742855,525.1831253565856,40.58404328033559,190.61533227697285,20.217460990994297
2016-04-19,224,551,6.615869690673025,538.8601880566129,40.5037222215714,209.16474595501685,20.245706213300377
2016-04-20,201,549,6.742421676305313,543.7489600810145,40.65036847217364,196.7241105380244,20.386230611043263
2016-04-21,214,549,6.727158610550353,543.7667530472731,40.69254157636328,204.8223172311057,20.365723876969604
2016-04-22,216,556,6.82311719800249,537.5300941555191,40.89477888086804,204.65095783403572,20.351470546647803
2016-04-23,212,542,6.7353752049531845,,,,
2016-04-24,216,523,6.655690340901196,,,,
2016-04-25,185,537,6.719447298496107,528.5257614578603,40.91240770246406,203.22620069769272,20.3834932552317
2016-04-26,199,538,6.292193053133911,544.0722574674104,40.95407574270388,196.8312932902653,20.36429054929476
2016-04-27,193,560,6.416991399445108,540.5452122558302,41.12973506260992,190.22995930341915,20.234413417933773
2016-04-28,197,552,6.90019510635793,545.9830646833204,41.24063796561649,192.1105368825929,20.16462091291517
2016-04-29,177,570,6.993584118346544,536.1603754812475,41.624984174926745,177.90476012401874,20.055946714941218
2016-04-30,207,549,6.831098058706795,,,,
2016-05-01,218,526,6.7011214229791385,,,,
2016-05-02,208,547,6.5732095926821135,521.6094039205353,41.42270750117829,197.98564465575816,19.928633043693747
2016-05-03,197,546,6.793629845410021,537.8712174922562,41.458915335714785,191.11804295413262,19.987750554864217
2016-05-04,186,554,6.8497001076382364,543.6672956373227,41.61857831096807,183.45003646152347,19.786686605951992
2016-05-05,193,570,7.042598719631418,513.6887463932711,41.90048899077401,186.30272248262563,19.712635772242393
2016-05-06,223,511,6.403791410830731,484.857884868297,41.827414684753045,211.2168803846584,19.467600321493816
2016-05-23,273,444,5.795200484598071,540.4663306718446,42.71811602450175,247.10907399907987,19.75304467968154
2016-05-24,230,555,6.524354052672298,563.0106917097974,42.84762274832143,210.60912117934362,21.472091930585254
2016-05-25,199,588,7.080600666742997,553.4932765106144,43.29526633607495,187.98108421083555,21.369026277584556
2016-05-26,201,583,6.691078553742053,551.7501959338998,43.755839780976096,189.0474139184324,21.23951921231685
2016-05-27,207,591,6.836388730318205,557.4410174504443,44.29707705088673,192.18604076234462,21.08516417370081
2016-05-28,212,602,6.81905898813628,,,,
2016-05-29,240,561,6.508485776112313,,,,
2016-05-30,251,577,6.352090189798387,539.7332568757315,45.0015036725454,194.91428585858367,21.115066079679877
2016-05-31,227,594,6.292642111617451,564.6079696600374,45.56516272311564,205.14707254091863,21.898902133626766
2016-06-01,228,599,6.651648306897676,572.7770893268403,40.39371354248568,206.26663889109426,21.831010534658308
2016-06-02,211,620,6.954472229658537,570.5113518128064,36.8200833668438,194.14656009670955,21.303006541477338
2016-06-03,205,614,7.078125974823817,556.2081478358722,37.75818621958066,192.0549149981924,21.146222119068142
2016-06-04,244,585,6.946450637959868,,,,
2016-06-05,241,577,6.947196017402336,,,,
2016-06-06,253,586,6.794334260232231,550.5211345206342,37.78702635491381,218.2403685182372,20.701820924464602
2016-06-07,233,603,6.701457651693341,513.1768602067672,38.51509634268536,208.53751109506905,21.523153825584945
2016-06-08,292,489,6.008698003628299,460.74526646133125,38.90382751091474,255.3155912934534,21.37811758436013
2016-06-27,268,384,5.948931488048999,557.2618991914127,42.29367836470156,249.19219257504642,22.91881501932008
2016-06-28,194,569,7.0514938456205085,570.5425203639134,38.65559563823629,190.0646747331081,23.30584361870193
2016-06-29,197,594,7.046762267762742,557.3482633811216,39.04631720628772,188.1221274055753,23.37227176504429
2016-06-30,198,595,6.933645812325945,562.4246470631566,39.3707003227281,189.9394678654056,22.853813643676716
2016-07-01,181,600,7.0458551693386635,555.8474180970695,39.767920685489024,178.09354982064824,22.817375459085532
2016-07-02,189,589,6.963476447719866,,,,
2016-07-03,200,540,6.621025254410544,,,,
2016-07-04,202,552,6.758913833311026,529.7475372543531,40.04437340156081,183.8632232886951,22.628869294098926
2016-07-05,195,571,7.124337300630826,554.2915294903669,39.97249387760594,189.69808268802325,22.24247943165565
2016-07-06,197,583,6.933501648114403,553.8460742760083,40.235653909975994,189.69906519230636,22.00440576807577
2016-07-07,204,585,7.1162940043307135,550.187764909525,40.37130663532,193.81043872855514,21.967651240165075
2016-07-08,206,577,7.042217928583689,564.0405018814141,40.48150696480787,196.25729361718743,21.851444215913872
2016-07-09,208,602,7.0689533362335935,,,,
2016-07-10,226,559,6.795607666639378,,,,
2016-07-11,230,540,6.633625317961342,544.6451202141333,40.92626961678349,195.83449354592324,21.769181394106003
2016-07-12,215,568,6.516443881883802,543.8806441456471,40.34775823640486,203.3966234806946,21.87310573074621
2016-07-13,211,549,6.521225987053832,546.2206112525604,40.209299674287216,202.65515766729604,21.740800646468397
2016-07-14,206,558,6.7441025326340815,441.5608703523983,40.13547617724815,199.26100711316585,21.400310740454774
2016-07-15,314,338,5.3264274588032325,485.7218145984999,46.34589514346447,285.8528110446325,21.29766379571736
2016-07-18,297,430,5.681929578580134,564.5998930892526,47.487073734742566,268.10330925193216,24.304487585282626
2016-07-19,226,560,6.583808179154945,565.1714631227047,47.50561383843643,213.1693627951157,25.813482024696828
2016-07-20,229,565,6.661548332683103,561.7502432392007,47.301764940468296,214.71568601585682,25.71593320375739
2016-07-21,234,579,6.566113603534102,559.7815055020006,47.25349374558179,216.3506988384888,25.7288259792556
2016-07-22,223,575,6.732928847600411,561.4451103075603,47.3361287756821,209.2958316517893,25.84616875492407
2016-07-23,221,579,6.708185714730148,,,,
2016-07-24,221,590,6.644423025436332,,,,
2016-07-25,238,574,6.517130566254037,563.843416156577,47.47325390151507,206.99714704990535,25.71098594082224
2016-07-26,228,577,6.744368913031898,557.5369899484599,47.55115249011268,211.04434394132514,25.679202244471803
2016-07-27,215,574,6.696665668281287,556.4220980278333,47.62297867928059,203.12752681566525,25.36396956979312
2016-07-28,222,575,6.7415107026639465,552.9757436435968,47.64216087815333,208.13626027138926,24.79120716943309
2016-07-29,204,569,6.696831263291759,554.6060882900854,47.6867775885227,196.17059580603168,24.622861173711375
2016-07-30,208,575,6.851824859197332,,,,
2016-07-31,220,563,6.627924858311478,,,,
2016-08-01,247,570,6.320473688101703,545.2945830001805,47.743532806433926,197.59190961246804,24.28650074217057
2016-08-02,320,331,5.422991445068841,502.36790189472833,53.48746824594932,286.7881277278412,24.428193140232906
2016-08-03,256,465,5.9598191462481775,559.1096307426714,53.910220648593466,234.901558232869,26.77281331951541
2016-08-04,233,564,6.271749837352762,551.881181694538,53.697717682782574,211.9323281374853,26.862750278252282
2016-08-05,215,569,6.749127055504972,546.6262482309177,53.69782545502369,199.7512444466875,26.468118106897997
2016-08-06,205,567,6.7350034245725965,,,,
2016-08-07,233,536,6.342704399024,,,,
2016-08-08,227,549,6.325561942400235,529.3086691306656,53.63771584326382,193.74126776009467,26.459312960556282
2016-08-09,237,525,6.033235771202668,535.806281254349,53.63306242718507,218.05430831730442,26.50915028250805
2016-08-10,199,543,6.311809022613276,538.5025158235479,53.54660201021201,192.48814014660346,26.55750271687923
2016-08-11,187,547,6.716962474655838,537.5911264113311,53.4827524497023,185.3888435511986,26.57872106740605
2016-08-12,201,554,6.830296048793057,528.7451875790218,53.36012664638045,192.44965787222583,26.75917959941684
2016-08-13,209,543,6.580096849067983,,,,
2016-08-14,205,549,6.642858462464873,,,,
2016-08-15,242,528,6.281642593880092,533.1840865634397,53.323262980374864,198.113157874484,26.84086738092579
2016-08-16,228,551,6.468863419014838,535.3081009943174,53.30278385035746,209.25630894166406,26.91167447077321
2016-08-17,241,541,6.4808832556330485,403.04568343067183,53.24594262214586,219.276947601528,26.771331165393352
2016-08-18,346,264,4.664958321958087,494.12716099520554,61.86015483393838,308.303410877894,26.792937902442425
2016-08-19,256,451,6.078978818314134,574.0531544463961,61.174835590599955,238.10884112013832,30.134025054602372
2016-08-20,210,580,6.6605396931870295,,,,
2016-08-21,222,573,6.763698511583406,,,,
2016-08-22,204,578,6.7361602613284735,556.6734319288612,59.9233063371863,197.88497898299562,30.18020131428753
2016-08-23,215,575,6.577174388158929,555.9350675035814,59.91711729749064,200.9498398087377,30.22576588922935
2016-08-24,210,589,6.749007782175702,557.6131661077135,60.094423299119654,196.9598349034892,30.005538145311085
2016-08-25,219,588,6.774313469491972,556.0190944530357,60.209053634666866,202.1540127247805,30.007834962297594
2016-08-26,195,588,7.035984482874652,564.8849548139922,60.28360562994082,185.82226139030186,30.02516395289732
2016-08-27,206,609,7.012887957190737,,,,
2016-08-28,249,563,6.686545028883947,,,,
2016-08-29,226,559,6.507770155550577,540.4128701456461,60.66087270274657,191.41206950248292,30.08074775730712
2016-08-30,220,546,6.693885215374659,548.371517258062,60.5937205540555,205.85303804908128,30.146350806232878
2016-08-31,206,569,6.899119210267669,545.1614534621114,60.53211686460148,196.0102758657654,30.06892962360095
2016-09-01,218,561,6.679171249231388,545.9548687065094,60.51890228337813,204.6817162890852,30.040018030425173
2016-09-02,215,565,6.714285733982651,541.2943065071601,60.540213261244936,202.36014094053948,30.053983205814962
2016-09-03,224,552,6.501818771389831,,,,
2016-09-04,242,524,6.343817785825576,,,,
2016-09-05,228,558,6.594466345296534,528.1313071993653,60.51508584061413,209.42904866123013,29.985134527023092
2016-09-06,223,560,6.553641308379043,540.1269237063415,60.49178230946396,207.63587981600446,29.93106450619813
2016-09-07,223,547,6.426904812054005,478.75087060267725,60.38682363628798,209.24630700919045,29.888807239795586
2016-09-08,281,418,5.5798382100189885,456.93743936129897,62.206783360159065,255.9029191220212,29.84917386823024
2016-10-05,234,374,5.365492533950071,539.8394833723679,64.99837700866995,229.64500432250054,30.603816786175326
2016-10-06,198,533,6.630520672916943,536.5081343298885,64.97891989416352,190.75280153795725,30.433429501271263
2016-10-07,180,551,6.9738732474249385,523.8038802235368,64.90893342610775,178.90364052810844,30.55085989019091
2016-10-08,194,532,6.723740614450192,,,,
2016-10-09,199,487,6.403554373264076,,,,
2016-10-10,203,485,6.1947925936548565,499.8854313290273,64.89629522990289,189.3289556892219,30.884836023380732
2016-10-11,185,533,6.576152968449392,523.3028244537824,64.91319066026497,183.94116743031586,30.709561381990557
2016-10-12,184,528,6.48822207141903,523.8726296947675,64.91970847046228,184.19561063740625,30.850569663897453
2016-10-13,176,533,6.729906148655572,515.7289233671769,64.93887490581122,178.85117128407802,30.94558448579552
2016-10-14,170,516,6.7271696987610925,502.4798981519802,64.95342053591413,176.47530557199525,31.24395186527784
2016-10-15,182,491,6.630446943842777,,,,
2016-10-16,166,521,6.745122163132059,,,,
2016-10-17,199,485,6.149022624747943,517.406654231046,65.2309292307126,186.9240799692121,31.37780259400419
2016-10-18,290,265,4.6802488488217735,457.04515930839005,72.09977331235045,274.4470033523908,31.416690875744496
2016-10-21,219,382,5.829731773685173,541.2976428513776,73.87209198159182,220.52391628195343,32.26001523121978
2016-10-22,174,530,6.852763783429487,,,,
2016-10-23,198,498,6.571335308053751,,,,
2016-10-24,170,521,6.9058253506724725,518.73085229321,73.8304440958072,181.55992452905573,31.920499881292642
2016-10-25,177,524,7.191180682161583,521.4249580779134,73.72255866550915,184.0836177297209,32.27959317320656
2016-10-26,190,518,6.793175531314577,533.1824263320132,73.04001221323966,192.2885381401546,32.592354973619344
2016-10-27,171,542,6.859804875608554,532.2295025346682,73.03239943099261,178.1550758605791,32.339246229627165
2016-10-28,181,537,6.711408241502447,514.4441722746246,72.81886753740831,184.93804275845963,32.801697560597724
2016-10-29,187,505,6.418409746904793,,,,
2016-10-30,213,517,6.5429610021229525,,,,
2016-10-31,227,511,6.365125052321704,523.8846718636872,72.76282489535556,192.69361245961719,32.9659507236483
2016-11-01,205,502,6.369770075358518,523.1519176087118,72.61332546148586,204.01680100960044,32.96559885996987
2016-11-02,192,502,6.408620125197934,525.9965145212046,72.33508767412289,194.47588428138985,32.928093164207944
2016-11-03,179,520,6.709451426593878,517.8533654263591,72.04967220948159,184.27132401180532,32.9130931438988
2016-11-04,194,509,6.658536096683121,414.4434552282512,71.75081196599335,194.86037420521382,33.21396531968606
2016-11-05,285,295,5.083562749817575,,,,
2016-12-07,222,346,5.904431753291688,441.11950195571836,75.78701405037478,269.88929929209905,33.30945636768057
2016-12-08,168,507,6.902301673228568,512.504818666466,75.11230685978691,173.5761418756967,33.33727130618372
2016-12-09,163,507,6.786190563606724,503.0705498946207,74.78318047263207,169.82056281563297,33.76743292993989
2016-12-10,180,506,6.921212894077264,,,,
2016-12-11,174,487,6.881877309663789,,,,
2016-12-12,192,496,6.7665586468665415,493.4043524424146,74.34031316615274,180.5565038835558,34.04515446598007
2016-12-13,285,254,4.714512478260378,451.33727986189837,80.0700320979454,267.4468376326522,34.10337918692261
2017-01-06,195,390,6.134938833542683,519.18831460974,79.71872824621195,199.805023192118,34.087668603167394
2017-01-07,172,504,6.958567491392379,,,,
2017-01-08,170,501,7.1614915626984015,,,,
2017-01-09,173,501,7.071396101161515,503.4963989290212,79.6190964120808,175.05447554136686,33.666497886095684
2017-01-10,165,517,6.854423841869116,493.89537294187966,79.18637877390951,169.73637026460707,33.841001506455605
2017-01-11,173,487,6.249483498244943,488.5534848496155,78.84913459911074,177.34184910495637,34.21625403927751
2017-01-12,183,478,6.3514773090602015,476.75295533163575,78.46751893401044,184.56027919701356,34.44951421836086
2017-01-13,197,450,6.063886098774848,482.6963220571634,78.43317239841474,194.6991118280443,34.4319939412235
2017-01-14,155,463,6.5539149637908185,,,,
2017-01-15,173,462,6.908223715596889,,,,
2017-01-16,182,458,6.55637162640779,485.4475554981218,78.38205563347242,168.12582450882198,34.47315517591427
2017-01-17,217,412,6.0483090825840655,484.2614100850378,78.84703631518234,211.09469555347724,34.59924459327056
2017-01-18,192,464,6.3703473896976615,510.7454757504788,78.54427394969866,190.79029839663414,34.569188934808665
2017-01-19,174,510,7.0630885831961425,450.72065335485223,78.23491050251921,175.3183092126917,34.601149461471465
2017-01-20,231,393,6.005607090107075,448.9017196861483,78.67288626571045,220.7018504782186,34.89103589918292
2017-01-25,222,395,6.164620840371812,505.8352438518693,79.27046670944442,214.94132413079342,34.9362202400831
2017-01-26,175,497,6.673278343638514,505.7056516173087,79.10949964592173,177.9071883446381,34.88108673864725
2017-01-27,174,496,6.948616376170528,490.3178879775222,78.86402405280458,177.6449768837133,35.18122759796713
2017-01-28,178,477,6.882545887141496,,,,
2017-01-29,220,515,6.552754001063134,,,,
2017-01-30,181,483,6.766941084010519,506.95576468396916,76.82512813134034,180.9963187838293,35.3917655630606
2017-01-31,176,497,6.649198106756594,499.10892081019637,76.36999421819182,178.69827534377131,33.89328659396409
2017-02-01,164,494,6.959600497483712,495.1078566671836,76.15416785259724,170.97922290842519,32.87625138037569
2017-02-02,161,489,6.555137181278778,506.2005362357802,75.89785630856457,169.78264757498826,33.23602170286897
2017-02-03,158,515,6.813551956017723,498.1083436459067,75.48423867073309,165.9497626237121,33.57721881304997
2017-02-04,180,498,6.82991138415423,,,,
2017-02-05,166,487,6.975555385003783,,,,
2017-02-06,164,486,6.720356853565207,492.0744887364608,75.06950789358433,180.89656294296557,33.92229654224307
2017-02-07,168,480,6.9593791209519384,493.05007621950136,74.65364532476188,174.48417021593158,34.205527084740936
2017-02-08,170,489,6.7239708604548225,499.10757195711784,74.19068531692922,174.27932141240666,34.308562758013466
2017-02-09,172,503,6.781289952533443,514.3384354041169,73.7627913116563,175.22735769428363,34.45846292704287
2017-02-10,161,531,6.944063499527994,501.6905173336869,73.40620435547322,165.41326272072874,34.635461001150325
2017-02-11,176,506,6.571732433508574,,,,
2017-02-12,182,499,6.5584902566658805,,,,
2017-02-13,179,491,6.497954507572093,498.00187945766294,72.98700254817953,177.59201182262532,34.93866686772261
2017-02-14,181,518,6.836506551394696,510.67060354919766,72.54423445323776,179.70394440882995,35.04463626815424
2017-02-15,168,520,7.0774469467848595,512.3804761363068,70.24076972774985,172.2467620919515,34.8177939562409
2017-02-16,168,520,6.8366806123149955,503.1290743809725,70.17183940389576,170.7728245668844,32.708948280220746
2017-02-17,189,510,7.044293826149862,507.2314012069528,69.82445124524557,185.67320368669726,32.36953326508674
2017-02-18,186,515,7.016819979452177,,,,
2017-02-19,208,467,6.7334668258048715,,,,
2017-02-20,180,494,6.738707926970603,487.42210039457603,69.443186639483,183.40358411278737,32.22956137823882
2017-02-21,174,503,6.994560785288953,508.34243650504084,69.04673594244967,176.5784482670099,32.24248080495689
2017-02-22,161,515,7.0978552625815565,504.7433057001197,69.01836755649498,167.5360908746775,32.224309049346104
2017-02-23,151,509,6.610963706514808,531.4907509616346,68.84363344664116,162.64233666290673,32.238127647611215
2017-02-24,139,566,7.369766285314037,503.385580773535,69.09830819914404,151.95751566581376,32.62768772097398
2017-02-25,178,504,6.744634427961056,,,,
2017-02-26,181,492,6.6934517972956575,,,,
2017-02-27,189,502,6.522454814538755,495.9451285440291,68.79510900905571,181.54349147469884,33.224948230770224
2017-02-28,191,489,6.52654224162425,511.40437984175384,68.61332174303946,191.24814177949563,33.24127792242596
2017-03-01,180,508,6.708139183040801,511.7675728991251,68.35183502122307,183.0899141499931,32.838504447862746
2017-03-02,161,507,6.777676003443699,506.1780585164402,68.18523471974437,170.70536052245762,32.716965460232785
2017-03-03,172,501,6.470705741935978,487.2846168892644,63.282700268736356,178.10879418307167,32.577322154468604
2017-03-04,176,467,6.52362230282733,,,,
2017-03-05,177,464,6.336051246359463,,,,
2017-03-06,183,455,6.419739128748763,487.42526620958785,63.202074741450005,183.49127355805817,28.227993542245432
2017-03-07,179,441,6.2769213463729345,491.78181016489435,62.8961230916805,187.52401444493663,27.393480102556182
2017-03-08,168,470,6.5576732805041535,503.7106354559299,62.334414552040464,178.530071498489,27.41224420640462
2017-03-09,153,495,7.084114875924411,511.34139682711935,61.49383986486435,167.41930255246731,27.417660106468464
2017-03-10,165,513,7.221416630812823,513.2666571389441,60.690085643046395,172.9698165572163,27.643469568751666
2017-03-11,172,523,7.227182744411684,,,,
2017-03-12,189,484,6.7298235243464495,,,,
2017-03-13,180,492,6.81893458462906,496.6225533635134,59.89890244569104,176.5974845803412,27.544424014398388
2017-03-14,161,515,6.887291393396309,512.4634407897374,58.58141458661417,170.34031947109762,27.57049696932625
2017-03-15,159,513,6.997415966869964,461.3507465366169,58.33025581225942,168.8915628470873,27.471141712905855
2017-03-16,198,413,6.487767345053973,455.10949179356436,58.43701563559408,201.31225267024237,27.428191688431827
2017-03-17,182,402,6.437631080192839,519.4043194552419,58.62430184520685,191.736963485847,27.38229060378523
2017-03-18,144,527,7.264463490649935,,,,
2017-03-19,180,501,7.280168072446503,,,,
2017-03-20,157,511,7.166168499534834,504.739453047922,58.18126133883413,157.43411830762437,27.16287419202962
2017-03-21,166,491,7.113263315033972,489.84577513191323,57.68701107558657,174.30416097100624,27.219604705785443
2017-03-22,187,477,7.161173864010418,498.1136864445398,57.124527526181666,187.92249133841347,26.873315999909114
2017-03-23,177,494,6.902860759720937,516.5336626247943,56.70893756164649,180.03923629159274,26.590721093974647
2017-03-24,166,527,7.238263409264747,500.5438554004242,56.45109376360683,170.24134576970158,26.268147290910353
2017-03-25,183,497,7.3470487420537625,,,,
2017-03-26,193,491,7.1825093692056265,,,,
2017-03-27,179,525,7.210249593908548,495.4056962634759,55.09458665704446,182.99927573616435,24.19219088131815
2017-03-28,169,519,7.532739397793481,506.7005219909361,54.98400493414502,172.06155961428814,23.54714113618247
2017-03-29,168,512,7.082429197188452,503.409819537108,54.588126948544854,172.0746903163803,23.531532725940448
2017-03-30,174,508,7.03908317332884,508.48987012709273,54.41424342737773,176.13873136558078,23.56596935340353
2017-03-31,186,519,6.8922678049102775,500.44296420595316,54.311197560608285,182.48097207557998,23.462927734522253
2017-04-01,195,501,6.659118795659432,,,,
2017-04-02,185,493,6.903631026165268,,,,
2017-04-03,181,515,6.865284433809265,498.36553312742126,54.13723970133532,189.62111231643289,23.482067178894404
2017-04-04,186,537,6.797363382589281,502.22032653510496,54.21565730865888,181.10534176362273,23.45674033863381
2017-04-05,201,502,6.500241751005831,510.6025565744101,54.12420780499795,194.80056546310985,23.46306933085852
2017-04-06,179,513,6.887389852301643,511.0548852143875,54.179867382454994,180.27275376058742,23.551918530422224
2017-04-07,196,509,6.724860422466664,498.3682345818122,48.50608576962672,192.30178303771962,23.481883235805718
2017-04-08,212,485,6.8000429454182925,,,,
2017-04-09,209,511,6.787447535741409,,,,
2017-04-10,185,523,6.817485220819537,514.0366542538442,47.10644443095587,204.7677255924913,20.398260687783687
2017-04-11,167,531,7.112662070914527,527.7582643938455,47.12025374501663,173.1263962596249,19.95832091267975
2017-04-12,168,542,7.288862382242052,520.9455846589317,47.29751347316115,172.85892180499562,20.0095284474464
2017-04-13,168,533,7.0389874808450985,522.3159050168399,47.40517224985139,173.2407075595832,20.013411134893826
2017-04-14,157,537,7.232284960273518,515.7444387591153,47.356924252136075,166.3828941404051,20.026252673505432
2017-04-15,192,522,7.055521277006445,,,,
2017-04-16,186,506,6.9845891826039335,,,,
2017-04-17,199,474,6.986970252133832,506.51886650448824,47.18724083927553,189.45062122817313,20.18943928533476
2017-04-18,183,522,6.91330760232198,497.72503956740616,47.28699831757417,183.255171938135,20.33903763180021
2017-04-19,195,477,6.497427808732677,497.571943827691,47.356731667881576,195.25671250747826,19.635282168598653
2017-04-20,187,479,6.255666303495718,500.80388762968636,47.32291055009567,190.41218311893775,19.48792603400608
2017-04-21,193,481,6.259459683581992,501.06498590320615,47.220507670479975,194.7817133179656,19.462841425722907
2017-04-22,195,481,6.356711525028688,,,,
2017-04-23,199,501,6.5761618591381525,,,,
2017-04-24,186,518,6.779368420375044,511.56222044469934,47.18654148905963,196.0765944088036,19.498238215800267
2017-04-25,181,519,6.849096835112772,529.121622424352,42.19902922146734,184.63987960974742,19.459517816607942
2017-04-26,165,538,6.731116387934264,510.25302918506827,42.46247831057982,172.77603690408176,18.892994511800094
2017-04-27,189,501,6.594331628517679,512.5250382189769,42.45124683022392,190.23322759497083,18.964361197572245
2017-04-28,199,513,6.352354370216701,505.73924653256034,42.44911187171783,194.7517116759236,18.90541532244064
2017-04-29,190,494,6.4637246235636345,,,,
2017-04-30,183,499,6.695655197179698,,,,
2017-05-01,180,483,6.3469391304618386,509.6830826507262,33.488139789185816,190.83549811530534,18.955509228192387
2017-05-02,227,482,6.223220912635669,502.5895164663197,31.459782878150577,213.511551711485,15.089754270573332
2017-05-03,194,495,6.367921089652456,507.57884492901223,31.422201847397385,191.90959607673665,15.994711563451071
2017-05-04,180,491,6.7005922924069905,513.6402939095253,31.361540734615,183.19345466322082,15.97892126483904
2017-05-05,172,515,7.0137538817027725,523.5919289895236,31.411678308858495,176.19432937922988,15.881329269929823
2017-05-06,172,540,6.982268072183846,,,,
2017-05-07,181,524,6.988665540458486,,,,
2017-05-08,179,510,6.661299733045052,513.6230619242457,31.724312025004746,173.38993156728995,15.872327736671993
2017-05-09,175,491,6.408960149414518,505.42379949215064,31.303124429452467,179.08812771585303,15.847420488104223
2017-05-10,167,506,6.829490963151081,498.8194929850836,31.02166314894952,172.9267095395424,15.736364324668198
2017-05-11,199,493,6.5997421429402126,501.84334217560456,29.55151387782669,193.8937156248469,15.801272394676307
2017-05-12,186,502,6.59424397677443,503.331365803534,29.268908814597324,185.6822795906436,15.447886088623903
2017-05-13,190,493,6.499657961527441,,,,
2017-05-14,191,491,6.482828847764998,,,,
2017-05-15,188,524,6.726222413762488,502.0461908309113,29.292336051729592,189.82173565058338,15.334449252235606
2017-05-16,191,493,6.634684065244245,508.4156445045544,26.850970651829964,189.56357898780445,15.337737129325767
2017-05-17,173,507,6.7803646293199735,531.5994445250735,24.191821892332076,178.16237216810754,14.293301168761769
2017-05-18,167,551,7.138685623277732,520.3508381579302,24.86158428408907,171.4487201277471,13.493780401539171
2017-05-19,166,530,7.050852050869111,515.9847232929551,24.89351307661776,171.98981508044,13.515039600884016
2017-05-20,163,525,6.859338760487338,,,,
2017-05-21,191,504,6.566693660178269,,,,
2017-05-22,181,515,6.87041592572836,507.96963977602564,24.835013086254314,171.76753743306432,13.55576117990752
2017-05-23,180,528,7.135407207333175,535.6547198898531,24.96265430594891,182.22415275649968,13.55232168017666
2017-05-24,168,557,7.310574277412648,529.9400233796579,25.648495112924362,172.36417683506798,13.525752291955385
2017-05-25,173,545,7.148931534531392,533.6283419366516,25.862436388148137,177.1450980682211,13.547575328778624
2017-05-26,171,554,7.040262930815304,533.3034247993796,26.397509431906915,175.61832317449722,13.388718369575805
2017-05-27,192,550,7.018452402427711,,,,
2017-05-28,202,523,6.820721165230816,,,,
2017-05-29,189,530,6.662744327674968,519.7605094825536,26.770456925400985,188.8193865901266,13.271308766019262
2017-05-30,194,549,6.691345730474025,533.6987111587587,26.973829460032988,189.812491986826,13.292119717142821
2017-05-31,195,548,6.811435344448108,539.4462479182962,27.227174138957558,190.66404217509967,13.344052358834212
2017-06-01,204,558,7.036079513858121,551.7142984009276,27.75525811630523,196.3360510475713,13.43774586738188
2017-06-02,194,580,7.0365079029902065,528.5373273551356,28.73572908578944,188.14423455706057,13.756141491761838
2017-06-03,222,529,6.714944434958418,,,,
2017-06-04,223,496,6.531851824002078,,,,
2017-06-05,223,505,6.6194017140244,511.24863900956274,28.76312985278059,209.87456880792743,13.680648946332136
2017-06-06,215,498,6.309072841202303,538.0926467638141,28.81047002012307,208.0225130937463,14.581971673915227
2017-06-07,182,544,6.614384714358307,540.9882970237444,29.00708987878913,184.76877460667808,14.98289289664016
2017-06-08,192,548,6.812719813588442,525.4858915900153,29.23986213213524,190.25186754579784,15.003125112101632
2017-06-09,195,527,6.682538741593228,530.4497697590718,29.280551859707852,194.0135199769117,14.935659315552414
2017-06-10,197,534,6.894994533110329,,,,
2017-06-11,224,505,6.444607509079279,,,,
2017-06-12,203,491,6.577846791068466,517.4038233943216,29.372181650988026,194.8601767518161,14.979421521694267
2017-06-13,202,515,6.7914681265591135,535.3127122827658,29.38998270926432,199.62715544982254,15.194986122180312
2017-06-14,189,540,7.165243787607625,543.8489183617952,29.553573496826814,188.1000011460441,15.340843756685965
2017-06-15,186,563,7.1255024877419455,540.2262840517194,30.09939200867549,184.09251237689782,15.210650610678325
2017-06-16,169,560,7.331102027622615,525.8082969874856,29.946977744152974,173.41105912590982,14.83861656978101
2017-06-17,202,532,6.909867353733108,,,,
2017-06-18,219,493,6.614086188424091,,,,
2017-06-19,198,523,6.538596250101688,504.6765224248613,29.96982248782239,196.30718347299504,14.239003003384472
2017-06-20,204,514,6.632556646593843,522.8390227886537,29.873973132195694,197.80978675211438,14.342620286370005
2017-06-21,204,527,6.5581024159551875,526.0712452070214,29.90231742580864,196.68650840195897,14.45721669170545
2017-06-22,216,532,6.890462625071733,538.7704912709205,29.95489635514069,204.70932832217895,14.62293379555476
2017-06-23,184,555,6.734550259820826,532.7852668708935,30.30378545266879,182.23209313727156,14.923310330419511
2017-06-24,198,541,7.052403943651452,,,,
2017-06-25,214,521,6.644290152614295,,,,
2017-06-26,210,550,6.4550548778401575,520.8770733235231,29.93482175162704,193.4293180065449,14.86984209336206
2017-06-27,216,540,6.58922055543406,533.5967054987973,28.93243586760861,204.65656217019747,15.158769501793962
2017-06-28,199,540,6.604766699522692,523.8509840763113,28.58994962324153,194.00606628336547,15.497851129072215
2017-06-29,199,518,6.364188036090435,508.45415856047583,28.50732035310698,195.85463277742485,15.445270510322931
2017-06-30,198,491,6.401380702202474,522.2282074112027,28.68925245719809,196.96460829855056,15.107404790752824
2017-07-01,192,522,6.580579431055187,,,,
2017-07-02,200,498,6.473635001951325,,,,
2017-07-03,184,516,6.540465661857991,510.37124126660194,28.648997184284998,190.431164412222,15.014083509473943
2017-07-04,185,522,6.819120365418781,539.1238385504845,28.61783717393837,186.21760099165496,15.03131546741195
2017-07-05,176,562,7.150582410822504,526.5806198758315,29.12161666153517,177.03528381912793,14.76007431449196
2017-07-06,184,536,6.847119361542472,528.6303193381732,26.70077841264164,183.97421603976034,14.531252138596
2017-07-07,184,544,6.767001607404932,518.5982797657787,23.581396303650042,183.16574463128256,14.464490782105765
2017-07-08,202,521,6.697440005031932,,,,
2017-07-09,192,535,6.8309372292655395,,,,
2017-07-10,201,540,6.542143726081285,526.4541373164751,23.54573005857826,197.00350604347838,14.442771960988702
2017-07-11,194,555,6.619931476077649,519.4798534503085,23.665017409380425,188.90635452706425,14.250297628540634
2017-07-12,219,516,6.175160543016016,519.8084859167624,23.111763683877047,206.9383017040386,14.02219071883698
2017-07-13,207,522,6.533589145503548,525.3126207486807,22.84298666035909,198.4002786549749,14.551913652944775
2017-07-14,188,528,6.542598276588168,526.2635455880778,22.863739092096502,185.69241067125716,14.547659731128462
2017-07-15,199,535,6.7048384444987095,,,,
2017-07-16,209,496,6.4160525585300805,,,,
2017-07-17,222,487,6.31580662188555,503.44391576740446,22.75108411478552,191.11068725943085,14.380133093523787
2017-07-18,187,515,6.8544393587745525,516.9666676715274,22.74985605535345,185.3563337376091,14.915947986489401
2017-07-19,193,514,6.727159357933292,499.8831537547069,22.699996781363286,189.93848099399625,14.702584648848697
2017-07-20,206,486,6.408437451010647,513.6091255805259,23.085720257094398,199.59850152527238,14.468335771542616
2017-07-21,169,516,7.134760633026831,515.5768377540188,23.057992396818797,173.51078527318683,14.538657459951366
2017-07-22,178,518,7.01753353998792,,,,
2017-07-23,189,512,6.760791243153168,,,,
2017-07-24,211,499,6.541853069143121,507.7947491838149,22.914195156218767,179.1918418117269,14.741650559818055
2017-07-25,214,523,6.3892048497805725,521.2474551552021,22.853945827054247,201.8351466178307,14.935802357131006
2017-07-26,198,525,6.661718879872455,524.1843941679708,22.738074807034284,191.2302615530936,15.06593413044575
2017-07-27,195,532,6.827583047137248,520.4573874997233,22.756375401714376,188.77726062102695,14.995032357950963
2017-07-28,205,529,6.655132581810348,525.7503180449628,22.68909704403977,194.98962528552127,14.964123747255163
2017-07-29,199,542,6.565635673800503,,,,
2017-07-30,224,506,6.354966534586018,,,,
2017-07-31,206,532,6.421931258688806,511.2602416391545,22.408771204063346,190.84358238513667,15.085685005614705
2017-08-01,222,487,6.100247078915385,479.6446078977778,22.834888930630516,209.97203303868736,15.128189235905573
2017-08-02,221,439,6.074399682067517,528.3303841635752,24.606649823286446,214.3190673978488,15.322751103741467
2017-08-03,193,533,6.597200960841148,524.3071169472538,24.552805814003573,188.5523514767991,15.4312595446612
2017-08-04,179,526,6.757575599889336,516.4566059434243,24.356452193682852,180.4485389918472,15.208515922475092
2017-08-05,197,518,6.51558564796404,,,,
2017-08-06,213,513,6.422380886489094,,,,
2017-08-07,212,518,6.58208381679951,511.3938355378446,24.35523410563932,191.96787002174415,14.779309788589401
2017-08-08,193,549,6.546103362248527,527.4978124769613,24.619107528391808,186.2171763912728,15.009852807852225
2017-08-09,195,539,6.434658408803463,519.5898877040363,24.091816880381533,188.09795287955302,14.855452511075963
2017-08-10,190,529,6.424028664949344,525.5815656199528,23.57889408010818,185.827620927142,14.862077660188554
2017-08-11,202,541,6.507923294580477,517.863760496229,23.2197536789662,192.63402027895683,14.82925783222314
2017-08-12,209,525,6.199587154055704,,,,
2017-08-13,200,516,6.448722198410891,,,,
2017-08-14,207,498,6.3558603073923186,515.15521308242,22.650091671790136,198.27091607886464,14.918543679203362
2017-08-15,195,535,6.7739865810722995,517.3105853347797,22.703986701605462,188.70204451939426,14.96886790073509
2017-08-16,208,519,6.6441905632605005,530.612101430168,22.640875785192584,198.30477506565467,14.865596133351517
2017-08-17,197,550,6.8518601983770475,526.474333713261,22.726944606748987,188.64030191801967,14.697911361240234
2017-08-18,195,538,6.751293153386317,524.9759961986695,22.63475138638853,187.9335781411409,14.610648980896366
2017-08-19,199,540,6.662856611321881,,,,
2017-08-20,201,529,6.549362179578902,,,,
2017-08-21,214,504,6.535797022004617,,,189.96522908540612,14.622859323585882
2017-08-22,190,536,6.784860772400943,,,,
